,MILLOC,LA PIRHUA,TAMBORAQUE,BELLAVISTA,RIO BLANCO,SAN JOSE DE PARAC,CASAPALCA,TICLIO
1/01/1981,184.1426697,152.7402344,95.11569214,148.6085052,118.4113083,128.8087158,148.6085052,123.872467
1/02/1981,227.1030884,216.3327026,116.1057968,237.4306488,183.9280243,152.8191833,237.4306488,264.3068237
1/03/1981,174.3916626,152.7069397,104.0749283,155.6199188,115.2568665,142.4035492,155.6199188,140.3392792
1/04/1981,16.62969208,9.940365791,5.191701889,19.2106514,11.43697739,11.08034611,19.2106514,22.39247894
1/05/1981,0.705338836,0.524753988,0.156804562,1.115021944,0.42933777,0.458469003,1.115021944,2.179484844
1/06/1981,0.547285318,0.722929299,0.59352529,2.661533594,1.267782211,0.357857466,2.661533594,3.495892525
1/07/1981,6.057346344,2.459866047,0.486415744,7.172665119,0.851589739,0.307397693,7.172665119,6.179461002
1/08/1981,28.89981461,11.87837791,3.968792439,20.26493835,7.755887032,6.747490883,20.26493835,22.25206947
1/09/1981,17.60549545,11.80153942,5.790784359,15.34402084,14.99001884,7.238909245,15.34402084,19.52050591
1/10/1981,70.58715057,50.21921158,18.70137978,64.95173645,40.53171158,25.08277321,64.95173645,99.29711151
1/11/1981,123.85923,80.24615479,30.39300156,96.98159027,86.17992401,44.69919968,96.98159027,126.1739273
1/12/1981,156.9096375,108.6132889,72.01888275,123.7896423,112.714653,101.5477676,123.7896423,131.7909088
1/01/1982,154.8426666,142.6195221,86.10366058,134.6046906,121.5756989,119.15625,134.6046906,109.5436096
1/02/1982,200.2779388,181.0159454,103.300705,203.7393188,164.1700897,136.1352539,203.7393188,218.3443451
1/03/1982,101.6837921,92.50556946,73.11557007,95.86807251,83.60876465,83.05880737,95.86807251,94.87534332
1/04/1982,64.68279266,35.87691879,14.63346577,57.0500412,31.70525932,25.73125839,57.0500412,71.2983017
1/05/1982,0.951185465,0.902915776,0.464896858,2.515155315,0.968723178,0.615524888,2.515155315,2.577162027
1/06/1982,0.727280617,0.807931781,0.617249131,2.781657457,1.418711185,0.444792211,2.781657457,4.631917477
1/07/1982,10.33242416,4.648408413,1.931707263,9.125632286,3.044056654,2.287763596,9.125632286,11.62343407
1/08/1982,19.43928146,7.838393688,1.410271883,14.70526123,2.397708654,1.597302198,14.70526123,13.6505518
1/09/1982,35.51665115,19.90678596,6.36496067,29.02423477,14.18875408,6.037906647,29.02423477,40.07112503
1/10/1982,108.1037903,47.43785477,10.5805788,95.81723022,50.88825989,33.81170654,95.81723022,133.6278992
1/11/1982,139.4385071,95.835289,40.63443756,118.5914459,93.08478546,59.4120369,118.5914459,118.8156586
1/12/1982,65.46122742,37.5536232,19.4587059,59.93775558,45.25895309,26.36286736,59.93775558,84.80930328
1/01/1983,136.8862305,94.4324646,39.83953476,102.222168,79.62997437,64.48401642,102.222168,89.98540497
1/02/1983,61.86253738,63.58129883,55.92468643,57.60661316,73.88561249,79.70215607,57.60661316,70.18434143
1/03/1983,157.5279236,149.8362732,128.3656616,137.6163025,114.6166306,161.7450562,137.6163025,120.721611
1/04/1983,71.29922485,49.29840469,30.96234512,63.66075897,44.99778366,64.8422699,63.66075897,65.16138458
1/05/1983,7.656187057,5.627240181,2.075917006,12.88235664,5.725092888,4.055438519,12.88235664,10.03137684
1/06/1983,9.940795898,6.340183258,2.381469488,16.82486153,8.867477417,3.751562357,16.82486153,23.06258011
1/07/1983,0.831933379,0.233979896,0.045481164,0.605341792,0.23671867,0.362709761,0.605341792,2.048070669
1/08/1983,0.564745724,0.350991219,0.209583595,0.479736507,0.32719937,0.555308521,0.479736507,1.507010341
1/09/1983,44.38985825,21.157547,7.104043007,33.76879501,23.47344398,11.98670959,33.76879501,48.91091156
1/10/1983,73.01065063,43.46023178,14.7655983,59.82168198,34.63636398,25.47966385,59.82168198,91.11553192
1/11/1983,41.2964859,29.94506836,16.66867065,40.43709183,34.4455719,20.36667252,40.43709183,54.67895889
1/12/1983,206.6718292,128.3796234,71.82095337,173.5875854,129.9354553,121.4473267,173.5875854,159.4982758
1/01/1984,133.1182709,121.7101822,72.25405884,128.0847168,100.2019348,103.2591858,128.0847168,96.08370972
1/02/1984,275.0744934,266.4527588,180.2825775,263.9798279,234.7702484,279.8824158,263.9798279,269.4858704
1/03/1984,214.4695282,174.3401031,127.4619141,173.4743347,145.5553741,176.942627,173.4743347,177.5657806
1/04/1984,48.34004593,33.56887436,22.54719162,48.61668396,30.44748116,33.34593582,48.61668396,61.70835495
1/05/1984,35.87319565,17.17344284,5.987496853,26.10411835,11.609025,10.3426981,26.10411835,33.08575821
1/06/1984,30.852808,13.17611027,3.92512846,37.58549118,15.27473545,9.47637558,37.58549118,42.97566223
1/07/1984,2.888154268,1.101759791,0.239400223,2.861744165,0.568386078,0.293246299,2.861744165,5.154898167
1/08/1984,10.53316021,4.571193218,1.078466892,8.95418644,3.025924444,3.167448282,8.95418644,9.508908272
1/09/1984,15.81807804,9.610494614,4.08426857,16.08418274,8.536672592,3.424474239,16.08418274,15.20583534
1/10/1984,92.51495361,64.72589874,27.00524521,82.42068481,58.50783157,44.99387741,82.42068481,111.6075668
1/11/1984,112.1024094,85.28486633,49.8605423,88.109375,91.48023987,66.56735992,88.109375,104.8513794
1/12/1984,170.7525177,119.5194016,82.15946198,149.3205872,118.2266464,124.8898468,149.3205872,157.8191528
1/01/1985,69.69714355,58.97280502,38.71981049,68.8814621,56.48046112,58.52861023,68.8814621,59.8265686
1/02/1985,158.3018494,164.5937653,104.2202911,166.5467529,138.6549377,134.195343,166.5467529,164.4232178
1/03/1985,148.9126434,126.1906433,91.59243011,124.6292572,100.2926559,133.3131256,124.6292572,131.1500397
1/04/1985,70.85433197,48.06430817,27.75882721,60.95749664,35.64797974,35.39713669,60.95749664,69.04517365
1/05/1985,38.3984375,18.16745377,5.209777355,37.81290817,15.53326511,12.08355141,37.81290817,44.27827072
1/06/1985,13.78482819,6.863798618,1.690602541,24.23339844,8.137656212,4.195340633,24.23339844,30.50811195
1/07/1985,1.358986259,0.37426877,0.064561412,0.695770383,0.226443589,0.256262034,0.695770383,2.872634411
1/08/1985,11.40631008,5.155734062,1.628562093,8.683287621,3.36676693,3.842144489,8.683287621,7.761531353
1/09/1985,71.32613373,43.44289398,15.71529102,54.04800797,36.33307266,18.91335487,54.04800797,58.98197556
1/10/1985,21.95497894,15.6461153,6.741106033,22.01546478,17.0465126,11.1828661,22.01546478,34.84444046
1/11/1985,49.30925369,34.19718933,21.99145508,39.42437744,42.91058731,29.07666969,39.42437744,50.25476837
1/12/1985,131.1378479,90.47418976,63.70869446,112.847229,95.17179108,92.22671509,112.847229,130.7773743
1/01/1986,180.0002289,171.0081635,112.7701492,181.2556458,139.1950531,170.8046112,181.2556458,136.1485138
1/02/1986,172.7291565,175.0494385,107.3140182,187.1686401,151.3146973,150.4205627,187.1686401,160.3919678
1/03/1986,178.3761902,148.4062042,111.9334717,148.4537506,123.5813293,141.0641937,148.4537506,160.6747131
1/04/1986,91.84140778,58.66127014,33.39883041,86.59561157,42.35713959,50.5880394,86.59561157,122.6198196
1/05/1986,32.26564407,13.99948883,4.09044075,28.86515427,10.5902977,11.10449314,28.86515427,34.39070129
1/06/1986,0.512328029,0.396512866,0.365512729,0.475064367,0.594979286,0.142119214,0.475064367,0.994515836
1/07/1986,21.00854874,8.391593933,1.274052382,24.79071236,6.48556757,6.297185898,24.79071236,19.42132378
1/08/1986,16.90676308,11.35158062,4.997763634,19.55223846,9.318557739,10.00769711,19.55223846,18.47175407
1/09/1986,20.94551849,13.17022991,5.503381252,14.93771935,12.01396656,4.914078236,14.93771935,23.49596786
1/10/1986,23.45719719,15.26007271,6.123196125,23.2087574,15.5845623,11.0347023,23.2087574,39.56871414
1/11/1986,52.17312241,44.63188934,25.74725914,50.12503433,53.98018646,39.22688293,50.12503433,49.49536514
1/12/1986,144.4421387,93.70362091,57.57056808,125.0367737,93.8011322,88.60449219,125.0367737,116.9427948
1/01/1987,178.9687958,176.556488,118.5432587,178.4421082,127.6003418,160.0146637,178.4421082,132.4821472
1/02/1987,123.7091217,132.2402802,96.19039154,132.9211731,134.4632874,128.6265564,132.9211731,152.715683
1/03/1987,76.18096924,65.85064697,55.98569107,68.8431015,61.08899689,69.65916443,68.8431015,80.03556061
1/04/1987,28.08841133,17.31958199,7.878894329,28.54510117,16.07436752,13.85485172,28.54510117,28.96610832
1/05/1987,5.558710575,4.635766029,2.640402794,8.059885025,6.503702641,4.845757961,8.059885025,13.33838749
1/06/1987,4.72733736,2.354888678,0.916291654,3.772714615,1.70460999,0.554035962,3.772714615,7.084149361
1/07/1987,8.650094986,3.015309334,0.709519804,7.427811623,2.520329237,2.15802598,7.427811623,15.10060596
1/08/1987,13.53279686,6.858035564,2.02609992,16.68851662,6.187849045,6.95713377,16.68851662,15.54699516
1/09/1987,58.9508934,27.13682365,7.796124935,37.25823593,20.10635757,8.981806755,37.25823593,39.1426506
1/10/1987,34.6180954,18.13223839,4.987128735,25.91041183,17.59553719,10.53201485,25.91041183,54.05118942
1/11/1987,119.8379288,73.829216,32.6942749,73.79330444,68.80370331,41.75918961,73.79330444,95.22702789
1/12/1987,93.98926544,54.83616257,42.48687744,87.03279114,74.97900391,63.05535889,87.03279114,112.1053696
1/01/1988,173.4039154,154.2899017,94.13341522,158.9715271,112.194313,123.8682404,158.9715271,116.706749
1/02/1988,109.5181961,120.8646774,90.80800629,127.081749,115.9770584,120.0469666,127.081749,135.3647614
1/03/1988,156.5871582,114.453804,74.79244232,106.4233093,85.78825378,105.7814941,106.4233093,108.4038925
1/04/1988,106.742485,52.18796921,23.51422882,83.08766174,37.36646271,65.88362122,83.08766174,115.6850586
1/05/1988,39.39528275,16.94532776,4.849505901,28.15351868,9.875447273,9.50976181,28.15351868,32.81577682
1/06/1988,0.618184268,0.413871586,0.192772135,0.78040415,0.658453643,0.308942497,0.78040415,1.637064934
1/07/1988,0.814729333,0.194460064,0.019359376,0.447467834,0.099738128,0.100729108,0.447467834,1.295640349
1/08/1988,7.86608839,3.501087427,0.818375349,6.146348476,1.463108182,1.210915804,6.146348476,4.321847439
1/09/1988,55.22529602,24.65133095,8.673517227,35.42456055,25.59731102,10.3450985,35.42456055,37.88751221
1/10/1988,44.41085052,27.48789024,8.515389442,45.14445114,30.45767784,19.44810486,45.14445114,76.34757233
1/11/1988,45.53229904,28.05815697,12.24170589,32.53948975,41.543396,18.96614265,32.53948975,48.9962616
1/12/1988,100.7027435,73.52816772,55.22303772,103.4016876,89.00150299,82.77757263,103.4016876,119.744194
1/01/1989,178.0403442,168.0973663,113.510582,165.4398956,132.3323975,162.4006042,165.4398956,119.4468536
1/02/1989,167.091156,172.7048492,115.9082336,191.3617554,168.7631226,180.1281128,191.3617554,160.5297089
1/03/1989,187.1237946,164.1883392,128.7290955,161.3175964,133.8365021,167.2237244,161.3175964,161.8405304
1/04/1989,62.90486526,32.77467728,17.79522896,57.73016739,26.99947357,23.52576447,57.73016739,68.81699371
1/05/1989,13.43283463,6.942485809,2.681978703,12.32781315,5.477215767,4.755732536,12.32781315,17.45147324
1/06/1989,7.507603168,4.49424696,2.259416103,9.576662064,4.941971302,2.553216934,9.576662064,15.69725609
1/07/1989,3.804193735,1.179681659,0.300743461,1.341346741,0.29630661,0.239965811,1.341346741,4.214709759
1/08/1989,27.44343567,10.13826275,2.541501045,18.11813736,4.875986576,3.287767649,18.11813736,23.21132851
1/09/1989,26.2392292,17.27269745,7.987571716,26.6534462,21.63903618,9.918229103,26.6534462,34.2516861
1/10/1989,54.12776184,37.99342728,14.01136398,55.66471481,36.58275604,25.20572472,55.66471481,82.22683716
1/11/1989,16.81846237,12.84607983,8.074694633,16.14057732,24.62313271,12.12464523,16.14057732,26.88160896
1/12/1989,10.8754015,5.672019482,3.441151381,7.738885403,8.717328072,6.588255882,7.738885403,14.88262749
1/01/1990,127.9396896,107.9691696,65.95627594,110.1107101,90.84941101,95.90615082,110.1107101,100.9686584
1/02/1990,33.77724075,36.96807098,26.32785988,44.90565109,48.74088287,34.38285446,44.90565109,51.22102737
1/03/1990,59.21511841,58.98500443,49.65472412,62.10638428,52.83766937,48.31956482,62.10638428,62.39005661
1/04/1990,37.77965546,19.21798325,11.00541592,31.733078,22.35723877,19.8431263,31.733078,44.82417297
1/05/1990,30.24156952,16.82341194,6.177320957,24.10188293,11.95769787,11.82306099,24.10188293,42.14783859
1/06/1990,33.80391312,16.38805389,5.244139671,44.94383621,19.7619915,9.131725311,44.94383621,65.22632599
1/07/1990,2.635603905,0.894408762,0.206906348,1.806399703,0.587586462,0.486540437,1.806399703,4.93262434
1/08/1990,13.06719017,5.645691395,1.613102198,8.429964066,2.881052017,2.514603138,8.429964066,12.09481049
1/09/1990,17.27885246,10.98729706,5.58569622,13.16390228,10.5416975,3.987696886,13.16390228,17.46992683
1/10/1990,118.2408447,78.11452484,27.2105732,112.1216507,63.18920898,42.55549622,112.1216507,159.6628418
1/11/1990,173.5723877,114.580513,55.48435211,118.1769028,94.77016449,63.7503624,118.1769028,135.0126801
1/12/1990,107.4215622,81.45158386,57.66365433,97.67397308,72.66786957,68.94805145,97.67397308,75.67603302
1/01/1991,73.24900055,66.88787079,41.55133057,66.74869537,47.90002441,41.59115219,66.74869537,51.73012161
1/02/1991,87.53515625,94.53024292,77.46453094,79.33249664,69.42461395,61.82626724,79.33249664,81.3939743
1/03/1991,105.5113831,128.3479614,134.0806885,128.1311035,112.9806595,130.2682648,128.1311035,91.72550201
1/04/1991,44.428936,30.82313538,19.6876564,41.04602814,26.44662094,28.0093441,41.04602814,49.47315598
1/05/1991,28.13281822,16.59541512,5.379292488,23.60024834,9.140991211,6.291078568,23.60024834,33.9473877
1/06/1991,5.807759762,2.701809883,0.798988223,5.333703041,2.54549861,1.341751695,5.333703041,11.08926773
1/07/1991,6.920344353,2.583540678,0.60824728,6.152134895,1.443740606,0.949323475,6.152134895,7.600242138
1/08/1991,0.206072688,0.08508262,0.108325168,0.081923522,0.063176423,0.255082399,0.081923522,0.068677709
1/09/1991,42.06687164,19.373106,5.961217403,24.56940651,12.65030098,5.216267109,24.56940651,40.21759415
1/10/1991,90.45262146,67.72742462,27.18058777,80.47862244,51.34672165,34.44659424,80.47862244,95.07486725
1/11/1991,45.81189346,38.51951218,22.34174347,39.15416336,37.689785,19.49134254,39.15416336,44.28172302
1/12/1991,73.52417755,42.32493591,24.67205429,55.05900574,43.75750732,24.9434433,55.05900574,65.96876526
1/01/1992,58.78772354,47.06069946,32.32096863,41.25862122,35.53715897,32.91704178,41.25862122,39.09744644
1/02/1992,51.79771423,60.40024567,53.6601181,49.74025726,61.70029449,45.14542389,49.74025726,59.12796783
1/03/1992,111.4311066,63.85910034,43.82996368,77.06053925,57.41008759,52.17643356,77.06053925,88.0166626
1/04/1992,37.05282974,21.96002197,15.50372791,35.68441772,19.36739731,21.95973587,35.68441772,38.70346832
1/05/1992,7.598381042,3.446292639,0.982203722,4.435697556,1.863417149,1.357443929,4.435697556,5.21928215
1/06/1992,4.328371048,2.729774714,1.47070837,5.010862827,2.98089695,1.412767529,5.010862827,9.040974617
1/07/1992,8.223144531,2.699443102,0.339737356,6.600984573,0.826478243,0.316675365,6.600984573,9.732098579
1/08/1992,19.51922417,6.5811553,1.15059042,10.75806904,2.31751132,1.826920033,10.75806904,12.98643875
1/09/1992,16.76861572,9.853088379,4.424350262,10.85623837,5.286407471,1.374073863,10.85623837,13.82155991
1/10/1992,68.96470642,47.73314667,19.15289879,68.37340546,42.58616638,33.08124161,68.37340546,83.53511047
1/11/1992,27.17512512,18.96615982,12.02656174,18.59807587,21.84931564,11.84852791,18.59807587,23.07516098
1/12/1992,49.76093292,31.36166191,22.27280998,41.31860352,31.09929466,24.94670296,41.31860352,49.18200302
1/01/1993,168.4976654,138.0702209,85.95376587,133.9264221,99.12086487,116.5190125,133.9264221,84.92299652
1/02/1993,123.5891647,128.3446808,88.13171387,135.8694,126.0876007,120.7048798,135.8694,141.9090118
1/03/1993,164.6358032,138.3014679,110.449028,127.3961182,106.8730927,144.1595306,127.3961182,129.2131805
1/04/1993,85.92280579,53.16396713,33.49748993,73.39511871,38.57173538,42.61966324,73.39511871,86.28714752
1/05/1993,15.83571339,9.506649017,3.206403732,20.96834373,7.656095505,4.791043758,20.96834373,31.35956955
1/06/1993,0.20253256,0.064224586,0.030606583,0.201567635,0.341990322,0.156208053,0.201567635,2.555074215
1/07/1993,5.427364826,1.830045342,0.399294764,4.221389294,1.061339021,0.724266768,4.221389294,8.739393234
1/08/1993,8.707081795,3.418062925,0.676939726,6.022004604,1.195255876,0.900812209,6.022004604,7.796068668
1/09/1993,36.90180588,21.00538254,7.762229919,31.09785652,19.60471916,7.727815151,31.09785652,34.63970947
1/10/1993,84.22170258,61.45069504,27.81642723,77.27695465,56.9357872,46.73538971,77.27695465,113.1726074
1/11/1993,139.2341461,98.74558258,53.13122559,114.050705,103.1933365,69.74047852,114.050705,126.8425751
1/12/1993,224.7770996,142.3731995,94.40840912,164.9851227,114.6968918,117.0715332,164.9851227,167.9665833
1/01/1994,317.0540771,209.8340149,102.0127869,170.6418915,121.1742096,132.121994,170.6418915,131.902771
1/02/1994,56.00780487,105.0465698,113.7573471,164.4904938,173.6212921,171.5762939,164.4904938,153.3947601
1/03/1994,172.52771,129.6100922,83.81464386,143.3521729,107.4780197,128.7197266,143.3521729,152.3831329
1/04/1994,77.8009491,57.2756691,36.95199966,68.06032562,39.66159058,49.69047165,68.06032562,85.56520844
1/05/1994,54.57151413,22.84837723,6.16771698,42.40494156,18.61614609,16.03299904,42.40494156,53.07473755
1/06/1994,15.10321426,6.290615559,1.794959545,12.81684494,4.551481724,2.016213179,12.81684494,11.47475815
1/07/1994,9.158024788,3.018381834,0.39650014,6.78088665,1.763092279,1.402801871,6.78088665,5.093988895
1/08/1994,19.69279671,7.676368713,1.555506587,13.08457375,4.276069641,3.883775711,13.08457375,11.05466843
1/09/1994,62.16674805,31.15070534,9.516914368,44.58190155,26.09512711,12.84649086,44.58190155,45.49173355
1/10/1994,22.70253372,15.33989239,5.821864605,28.66053009,20.43486214,12.30516434,28.66053009,49.24143219
1/11/1994,117.4005814,77.03916168,35.51683044,70.64035797,64.66148376,40.39220047,70.64035797,73.69459534
1/12/1994,246.9671936,122.2917633,67.13877106,129.2489166,93.6525116,91.13072205,129.2489166,135.1143341
1/01/1995,192.2008667,143.0232544,79.33913422,113.2884674,83.16177368,90.32032776,113.2884674,100.5724335
1/02/1995,140.1578522,96.33261871,56.43513489,75.79019928,76.3730011,66.51085663,75.79019928,100.5876007
1/03/1995,243.1697083,147.179718,83.86936188,126.1924744,91.55046844,111.5198288,126.1924744,127.0090637
1/04/1995,102.3941269,50.67181778,26.65706062,64.23395538,30.66123772,36.08668137,64.23395538,95.88887787
1/05/1995,44.0229454,21.60587502,5.185658932,25.79772758,7.555051804,2.824495316,25.79772758,25.88601875
1/06/1995,4.202568531,2.506438255,1.042592525,5.083413601,2.082414865,0.682157993,5.083413601,4.471967697
1/07/1995,3.5386765,1.551974058,0.641127944,3.192387342,1.13921392,0.896472454,3.192387342,6.242386341
1/08/1995,11.52852249,4.460161209,0.948408484,7.286935806,1.790708899,1.364554763,7.286935806,5.630821228
1/09/1995,42.58726501,28.7080822,11.53636837,35.26201248,21.8284893,11.10286617,35.26201248,36.02714157
1/10/1995,75.38017273,51.18213654,18.16872597,59.13259506,36.52214432,27.95389366,59.13259506,76.13331604
1/11/1995,76.42185211,71.17733002,49.30286407,74.89974213,76.02191162,61.39216995,74.89974213,71.68524933
1/12/1995,140.7330017,89.63808441,57.38640594,107.403656,88.86706543,91.45135498,107.403656,122.3576508
1/01/1996,139.4152679,141.7412262,93.78972626,135.1617737,111.2393951,133.0001068,135.1617737,87.23151398
1/02/1996,149.3932495,165.3141785,110.1520538,172.9976654,143.1548309,155.8890228,172.9976654,173.8041992
1/03/1996,114.2740631,110.4900513,88.03694153,139.8447418,98.49753571,125.1118317,139.8447418,153.515274
1/04/1996,59.90676117,37.03727722,22.71000481,66.8820343,34.61185074,47.41180038,66.8820343,89.77616119
1/05/1996,26.51049423,12.18820953,3.329612494,17.13217926,5.307004452,3.292593002,17.13217926,23.308424
1/06/1996,3.072728634,1.79968226,0.796121776,2.683041811,1.496367216,0.517013609,2.683041811,3.081772089
1/07/1996,0.486410528,0.256461054,0.09361133,1.698928833,0.682696462,0.475730121,1.698928833,3.316154957
1/08/1996,8.832846642,3.531853914,1.207141638,7.51841259,2.40888238,2.16407299,7.51841259,9.978878021
1/09/1996,30.9227562,13.79285431,5.461292744,19.67339897,11.81063175,5.387234211,19.67339897,25.89079475
1/10/1996,49.47966003,30.11639595,8.404788971,39.53358078,26.02615356,16.36199951,39.53358078,62.28985596
1/11/1996,43.58173752,27.95611763,15.59979153,32.16669846,40.24425888,26.51732826,32.16669846,52.17058182
1/12/1996,86.42113495,53.93611526,35.64051819,80.09994507,68.5967865,49.79000092,80.09994507,88.59079742
1/01/1997,135.2403717,111.7757568,73.58046722,113.9535599,93.18363953,110.2722473,113.9535599,88.27244568
1/02/1997,190.7694855,161.0907593,94.1734848,166.1893768,134.4953156,121.3360748,166.1893768,182.2764893
1/03/1997,54.10434341,41.72471619,30.99453163,46.19197845,38.07636261,34.58718109,46.19197845,46.97937012
1/04/1997,36.35602951,22.26585007,10.58306885,30.09493637,15.84859943,14.85398579,30.09493637,32.34967422
1/05/1997,16.09657288,5.561226368,1.423408508,9.587143898,2.820326567,1.76697886,9.587143898,14.00605297
1/06/1997,0.410853505,0.39972949,0.453730255,1.232954979,1.064480901,0.40451318,1.232954979,2.756532907
1/07/1997,4.75297308,1.939249635,0.339360088,3.375474215,0.544418991,0.195599049,3.375474215,4.722121716
1/08/1997,27.94630241,8.967315674,1.654154181,18.39423752,5.378810883,5.294174671,18.39423752,17.49863434
1/09/1997,52.82538223,29.07096672,9.269854546,43.63542175,24.79773903,12.67133427,43.63542175,49.9269371
1/10/1997,48.55760956,36.68063736,13.78468704,45.70618057,29.15440941,22.25226784,45.70618057,72.86735535
1/11/1997,81.53330231,62.86187363,34.45434952,77.9413681,65.56567383,47.11292648,77.9413681,82.80938721
1/12/1997,183.5059204,120.4873123,70.25618744,170.4105225,116.9377289,113.0294495,170.4105225,154.9173737
1/01/1998,183.8763275,178.8353577,106.5233383,184.5927124,107.5916367,138.4147491,184.5927124,111.6609573
1/02/1998,134.6545715,153.8328552,119.2967072,156.2771606,138.165741,138.4269867,156.2771606,158.6084137
1/03/1998,146.4317322,158.7901154,135.6280365,168.7705078,108.1837769,132.3188324,168.7705078,117.6720123
1/04/1998,45.68992996,30.89493752,23.2494297,41.9349823,26.26488113,31.55545235,41.9349823,46.90695953
1/05/1998,0.518924236,0.520596564,0.358685702,1.236389041,0.67797488,0.454295903,1.236389041,2.386529922
1/06/1998,2.291872025,1.892446518,1.131155372,5.573908806,4.055038929,1.915661097,5.573908806,7.311328411
1/07/1998,0.271281093,0.066579573,0.05680332,0.479535639,0.350271344,0.460979432,0.479535639,1.023448706
1/08/1998,13.92935276,5.414754391,1.073584557,8.309559822,1.484768867,1.028582215,8.309559822,4.984516621
1/09/1998,46.48106003,21.25812721,8.249310493,31.81826019,25.50100136,15.47426987,31.81826019,29.08275032
1/10/1998,72.26325226,36.65379715,8.816626549,59.01243973,34.02511215,22.28572464,59.01243973,117.5459061
1/11/1998,57.70781326,37.10239029,15.18895626,42.59786987,39.94707489,18.96520996,42.59786987,65.1335907
1/12/1998,45.80220795,39.64376068,43.21741104,62.67080688,66.78549957,59.65813446,62.67080688,69.5266037
1/01/1999,135.8769684,116.2798615,80.13640594,122.6652603,96.07736969,113.6755753,122.6652603,106.4395142
1/02/1999,263.8288269,231.7029572,139.996994,250.8077698,180.3112335,225.0072174,250.8077698,267.5052185
1/03/1999,120.538887,122.4026566,100.223877,133.9174652,99.62365723,102.5288315,133.9174652,127.8184814
1/04/1999,86.25640869,58.24887085,34.47120285,86.02977753,47.29842377,54.81869125,86.02977753,90.44380951
1/05/1999,53.91662979,29.79450798,7.306880474,51.01103592,19.35973167,14.17560196,51.01103592,33.82089615
1/06/1999,5.521004677,3.904219866,2.038438797,8.234116554,4.448563099,1.581328511,8.234116554,9.916418076
1/07/1999,7.048246861,2.211691141,0.41717425,4.542066574,0.878820717,0.502693117,4.542066574,9.976946831
1/08/1999,17.84762383,5.910953522,0.91844207,9.245265007,1.805660486,1.285462856,9.245265007,5.309239388
1/09/1999,49.236866,33.502491,14.35723209,46.41115189,31.35750389,15.80370045,46.41115189,50.65893936
1/10/1999,91.63185883,75.1350174,30.30590248,80.72666931,52.08738708,44.7567482,80.72666931,87.0605011
1/11/1999,72.35163116,55.01727295,32.84182739,58.90496063,66.83682251,50.23201752,58.90496063,71.41024017
1/12/1999,165.3737793,106.8105469,67.95611572,137.5078125,99.97556305,83.80195618,137.5078125,141.8631592
1/01/2000,279.2112122,191.0475006,99.18977356,191.0846252,124.0540085,160.8944397,191.0846252,132.428299
1/02/2000,235.1086884,216.1035004,120.6270752,214.8416443,145.2065735,165.0153961,214.8416443,226.3679352
1/03/2000,203.1196442,171.5608368,122.2331238,171.9400635,143.0491028,156.1495361,171.9400635,170.0742493
1/04/2000,51.61911774,43.05324936,29.83458138,60.28735733,26.67985535,26.86396027,60.28735733,56.84708786
1/05/2000,48.50740051,24.95829582,8.177749634,36.43980789,14.5586586,11.79265499,36.43980789,35.68155289
1/06/2000,0.403291494,0.311095685,0.154106528,0.396039397,0.524169266,0.180526897,0.396039397,2.332748175
1/07/2000,10.72282028,3.876573801,0.955217123,7.165690422,2.21820569,1.920825362,7.165690422,12.31810474
1/08/2000,38.27168274,12.7202692,2.474600792,21.22997093,6.358716488,5.481111526,21.22997093,24.06239891
1/09/2000,15.16138649,23.44120598,12.53866959,42.04138947,28.69626045,4.471552849,42.04138947,29.30516815
1/10/2000,61.51663208,50.53155518,21.6341114,60.90558624,48.18929291,41.0350647,60.90558624,86.11373901
1/11/2000,48.72335815,34.99303818,16.73800087,39.81600571,34.10055161,20.62262344,39.81600571,44.16493607
1/12/2000,313.1751404,170.0908356,80.11653137,208.5368805,120.4126282,113.2915649,208.5368805,206.5800629
1/01/2001,319.3009033,236.3171844,121.7183609,220.1070404,134.9739227,175.5077667,220.1070404,159.6812592
1/02/2001,203.5653534,169.4106903,91.89862823,148.8069,111.7704468,102.7388916,148.8069,153.5670929
1/03/2001,367.9441833,259.9624939,139.5542603,223.7308807,133.9670105,169.6885681,223.7308807,197.3842773
1/04/2001,55.72021866,43.0739212,27.15762138,49.77896881,25.40896034,25.60486031,49.77896881,48.01512909
1/05/2001,16.59603882,8.016597748,2.189177036,17.23385429,6.276907921,4.615422249,17.23385429,28.72597694
1/06/2001,2.859326601,1.846742988,0.524647534,4.745104313,1.540871024,0.429997802,4.745104313,6.35640955
1/07/2001,12.70082951,4.12159586,0.938044071,8.856372833,1.896389246,1.12114501,8.856372833,17.50973511
1/08/2001,2.899563789,2.037625313,0.957770407,3.906793833,1.517023802,1.27614665,3.906793833,4.093798637
1/09/2001,91.97462463,45.4393425,13.61461926,59.3313179,34.44710159,13.85683346,59.3313179,53.11474609
1/10/2001,43.12217712,36.00227356,14.42414761,47.29076767,33.5920372,21.90973854,47.29076767,89.19816589
1/11/2001,123.8086929,112.8547363,65.35045624,117.9092941,118.6145477,103.915741,117.9092941,107.6068497
1/12/2001,85.06996155,49.95793533,25.60648155,65.30502319,53.22128296,25.59746361,65.30502319,93.0969696
1/01/2002,87.13577271,82.79244995,54.55018997,75.50486755,85.42324066,85.38948822,75.50486755,61.73658752
1/02/2002,148.9592438,151.8755035,111.8538361,145.7246246,135.039566,137.2845459,145.7246246,165.8492889
1/03/2002,178.4313049,148.134964,101.3081741,141.438324,101.4727173,112.5422211,141.438324,174.3309326
1/04/2002,89.59644318,63.73481369,38.88709641,82.02601624,38.95037842,45.85726166,82.02601624,89.80352783
1/05/2002,25.11558342,12.69800568,4.701764107,18.4133625,9.518539429,11.27315521,18.4133625,27.76970673
1/06/2002,9.175222397,4.432774067,0.984647751,8.225429535,3.900658131,2.2234869,8.225429535,9.650281906
1/07/2002,16.13837814,4.805212021,0.855300605,12.37853813,2.021818399,1.142857194,12.37853813,26.45890427
1/08/2002,14.10839081,4.713840961,0.841789961,6.668684006,1.215057135,0.763063669,6.668684006,8.087209702
1/09/2002,55.63508987,32.3200798,13.43278122,42.31784058,25.93375206,15.01037407,42.31784058,52.25801086
1/10/2002,106.7576218,76.53191376,28.49280739,94.7980423,54.08657837,42.45712662,94.7980423,114.8262405
1/11/2002,131.1682129,100.2472916,47.98597336,105.0506592,83.3789978,61.75326157,105.0506592,121.2848816
1/12/2002,127.1118469,81.63742065,56.30293655,100.1065674,82.95664215,73.06956482,100.1065674,111.5233459
1/01/2003,139.1947174,122.2852783,72.39969635,121.8526917,100.2195053,110.7486191,121.8526917,86.71941376
1/02/2003,131.7193298,121.3007736,78.50170135,124.2546158,107.2031937,102.2189102,124.2546158,130.2610321
1/03/2003,169.8441162,157.3523254,121.2851105,165.6356354,127.7910919,136.6194611,165.6356354,157.2034149
1/04/2003,62.45982361,44.00566864,28.22704506,56.5418129,35.318573,32.42276382,56.5418129,69.67938232
1/05/2003,7.17610693,4.629249573,1.487111807,8.025838852,3.11019659,2.372364998,8.025838852,11.11817551
1/06/2003,0.54334569,0.506419778,0.220932767,1.27273798,0.730199933,0.203193024,1.27273798,2.68082428
1/07/2003,7.536279678,2.401524305,0.470669001,4.355249882,0.788073719,0.460778326,4.355249882,6.38365984
1/08/2003,3.020576,1.27718854,0.362970471,1.25721252,0.513875186,0.609281182,1.25721252,3.712363958
1/09/2003,5.640120029,6.391789913,4.572710991,8.990140915,7.971500874,2.398649693,8.990140915,10.38493729
1/10/2003,37.53104401,23.47697449,8.062877655,33.66768646,21.66221428,16.32463455,33.66768646,45.68029404
1/11/2003,30.18433189,22.10661697,11.16359234,24.95246506,24.16395378,10.42338085,24.95246506,37.45198441
1/12/2003,159.5318298,123.9369049,94.10140991,160.5468445,125.3382568,141.2057343,160.5468445,153.9105225
1/01/2004,19.44800758,29.19178963,30.10627365,34.14561462,38.63393021,37.48140717,34.14561462,27.46967697
1/02/2004,133.9187164,145.8516388,108.8516006,133.5515442,130.6166382,147.0327606,133.5515442,142.6128235
1/03/2004,90.55542755,84.92044067,77.01287079,83.53751373,74.34696198,90.83255768,83.53751373,85.10503387
1/04/2004,51.77585983,41.3092041,30.96484375,48.33499908,29.47838593,38.90420914,48.33499908,48.84798813
1/05/2004,8.395500183,4.671537399,1.802284598,7.749500275,3.797408581,3.366652966,7.749500275,12.33406162
1/06/2004,12.62185764,7.105225563,2.351034403,16.25626755,6.359072208,4.434876442,16.25626755,21.32973099
1/07/2004,7.815351486,2.750600576,0.589287341,7.809856415,1.732355237,1.153795004,7.809856415,14.74174213
1/08/2004,9.388809204,4.670446396,1.142188311,10.05736065,2.339600801,2.070687294,10.05736065,10.23944378
1/09/2004,56.12404251,31.84630775,11.23595333,41.51344299,24.89749718,11.24422359,41.51344299,50.80257416
1/10/2004,103.4417419,66.98729706,22.28423309,88.48023987,56.43751144,36.7122612,88.48023987,127.7498093
1/11/2004,109.5528488,79.56983185,37.46657562,94.03874969,88.20381927,61.93499756,94.03874969,105.0555573
1/12/2004,181.3809662,130.3061676,89.22730255,164.666275,124.4249115,131.9414063,164.666275,154.7631378
1/01/2005,99.16117859,110.401329,82.59200287,105.9536667,85.00411987,94.81239319,105.9536667,68.63397217
1/02/2005,68.37624359,79.76228333,62.74552155,78.19045258,81.28016663,77.40705872,78.19045258,92.45478058
1/03/2005,109.4465332,113.9042435,93.84081268,122.3188477,107.5953674,129.8692474,122.3188477,109.1523361
1/04/2005,28.13532448,25.30932999,19.7908783,35.67072678,22.14366722,21.24892235,35.67072678,38.63894653
1/05/2005,5.907645226,3.731708765,1.530183315,5.140623569,2.527207136,1.740001917,5.140623569,8.576475143
1/06/2005,0.264305681,0.22625111,0.126744509,0.28849867,0.402428627,0.100257792,0.28849867,0.910164893
1/07/2005,0.188653544,0,0,0.085160561,0.033704076,0.136015475,0.085160561,1.427390456
1/08/2005,3.525982141,1.972219825,0.646219254,4.299830437,1.231580973,0.872096181,4.299830437,4.458104134
1/09/2005,14.6998167,10.27988052,5.214912891,14.94499397,9.540739059,2.414908886,14.94499397,15.43507481
1/10/2005,23.47997284,19.46751785,7.278215885,27.94394875,17.65046883,6.482793808,27.94394875,55.88443375
1/11/2005,44.97372437,30.67421341,12.40382671,30.06118965,26.9354763,9.188961983,30.06118965,40.08633041
1/12/2005,149.9028015,109.0871048,74.5490036,137.118042,105.4340668,101.484436,137.118042,124.4520111
1/01/2006,157.2314148,144.3835449,99.90284729,111.8908081,110.9581299,150.800827,111.8908081,90.39450836
1/02/2006,121.2161255,138.2572327,112.934433,102.0187531,114.8928375,117.9866867,102.0187531,113.025177
1/03/2006,180.8585052,161.4324188,129.9421844,151.5124359,124.5414124,179.7614594,151.5124359,146.1012268
1/04/2006,90.3431015,70.05476379,48.74880219,77.96044922,45.57940674,62.01150513,77.96044922,72.80988312
1/05/2006,5.993518829,3.165750265,0.988485098,4.704120159,1.838727117,1.27293539,4.704120159,5.236741066
1/06/2006,1.472210765,1.889573097,1.09913373,6.849230766,4.136903286,2.613700628,6.849230766,10.77901649
1/07/2006,0.328366011,0,0,0.23220858,0.118338548,0.22270152,0.23220858,2.192616224
1/08/2006,10.30243683,4.91797924,1.172488093,11.94714451,2.849453926,2.654924631,11.94714451,11.85114384
1/09/2006,32.21746826,23.17631912,9.847928047,28.67787743,19.33510399,7.63123703,28.67787743,31.33708191
1/10/2006,67.64543152,40.72604752,13.55239964,39.53897095,32.7986145,20.64036179,39.53897095,71.23874664
1/11/2006,88.66664886,68.36544037,38.49662781,67.37992859,76.32928467,55.28934479,67.37992859,73.16408539
1/12/2006,155.2129517,113.1712646,85.9264679,118.1196213,109.1498413,122.9599457,118.1196213,128.0945282
1/01/2007,141.7935028,136.4780426,93.4336853,124.3287888,98.00359344,118.7151413,124.3287888,98.35115814
1/02/2007,111.9183044,119.807785,88.77755737,107.4001617,111.7281036,111.832901,107.4001617,110.4765396
1/03/2007,219.7323456,187.5191803,138.7905884,163.6562195,124.5445938,178.7559662,163.6562195,171.1947784
1/04/2007,95.42674255,63.86872864,37.99974823,67.55175018,37.48774338,46.5256958,67.55175018,72.44045258
1/05/2007,32.55671692,17.68661118,4.445396423,35.88460159,5.522998333,0.93000263,35.88460159,17.40464783
1/06/2007,0.154905438,0.16378659,0.156223431,0.190471262,0.399131328,0.156296253,0.190471262,0.657403708
1/07/2007,0.372276068,0,0,0.196008965,0.062676474,0.160380632,0.196008965,2.283057928
1/08/2007,0.279721588,0.192594513,0.310563177,0.825010896,1.073193789,1.549913406,0.825010896,1.401508451
1/09/2007,32.23871231,14.54684448,6.786300659,7.086228371,8.702898026,3.216607809,7.086228371,12.86843395
1/10/2007,81.93515015,57.26260757,20.27273941,75.66816711,51.87066269,36.36975098,75.66816711,108.7450027
1/11/2007,58.24718857,40.1546936,16.25427628,47.0320816,41.67032242,17.82712173,47.0320816,60.06002045
1/12/2007,88.31877899,69.51411438,55.02382278,73.90200806,73.58647919,58.15152359,73.90200806,86.95580292
1/01/2008,191.7292328,180.2363739,114.7421494,156.1487427,118.873024,147.427597,156.1487427,111.2983093
1/02/2008,204.0434875,174.9544983,119.9629288,131.8800964,134.2437286,172.3560944,131.8800964,153.1198578
1/03/2008,106.2223053,96.42366791,100.3154907,62.26624298,79.90266418,104.8945084,62.26624298,64.95743561
1/04/2008,55.72717667,33.16344833,21.44972038,34.10635757,24.01517868,25.92026901,34.10635757,40.81328201
1/05/2008,0.710603476,1.036208868,0.783407688,4.342885971,1.768053055,0.988266408,4.342885971,5.725172043
1/06/2008,0.467753023,1.05927062,1.203728795,1.564887762,1.489381194,0.327065468,1.564887762,4.75729847
1/07/2008,0.180612877,0,0,0.085414074,0.038771771,0.14757663,0.085414074,1.307176828
1/08/2008,13.86899853,5.485023499,1.904293537,4.755460262,3.485747814,3.824765682,4.755460262,7.30591011
1/09/2008,10.64481354,7.330510616,4.608447075,6.633098602,8.572328568,3.703034639,6.633098602,12.19893932
1/10/2008,63.09884644,38.584095,13.1591568,60.51626587,40.29084778,28.33393478,60.51626587,104.440918
1/11/2008,50.38399887,43.23190308,27.69435883,38.89046097,50.59479523,38.44419098,38.89046097,48.08618927
1/12/2008,118.6840515,87.60155487,63.43577576,116.188385,97.2092514,80.51091003,116.188385,115.8139954
1/01/2009,177.7848053,165.9297943,116.3614502,155.6651001,128.3866272,162.6168976,155.6651001,109.2662506
1/02/2009,198.5993195,189.5792389,131.2464447,155.7600403,148.5015869,168.5063477,155.7600403,161.6470337
1/03/2009,148.5563812,136.6154022,123.4248734,126.1334229,115.4832916,163.9516907,126.1334229,138.5600433
1/04/2009,111.8507767,70.36160278,42.11104965,89.29932404,50.07254028,56.6037178,89.29932404,88.17871857
1/05/2009,0.26647985,2.574939966,3.914417505,27.21976662,19.89821434,8.232592583,27.21976662,16.7651329
1/06/2009,0.394593716,0.237657547,0.060007822,0.370038599,0.435492963,0.154610649,0.370038599,2.340367556
1/07/2009,3.662247896,1.686348319,0.817507803,7.041092396,3.920436621,3.505871773,7.041092396,10.15155888
1/08/2009,19.96567917,8.793455124,3.441259861,9.341489792,6.798972607,5.199912071,9.341489792,16.42093468
1/09/2009,36.60437775,20.36826706,6.883972168,28.04183006,14.80428696,4.492259026,28.04183006,31.4936657
1/10/2009,123.1639633,93.88116455,38.28556824,92.26241302,82.32194519,73.33140564,92.26241302,119.3162155
1/11/2009,209.7530975,160.0664215,82.19566345,158.4038544,160.7014923,120.2570496,158.4038544,162.9991302
1/12/2009,172.7340088,112.1735382,72.37068176,148.816391,112.9611282,100.1773529,148.816391,158.9900055
1/01/2010,168.5466156,142.8141937,82.88063049,157.5260468,114.9561386,125.0882034,157.5260468,120.9711685
1/02/2010,139.7438049,126.4565964,86.9187088,106.0330353,111.7311859,126.3978653,106.0330353,130.6465454
1/03/2010,193.1501617,144.4151154,87.21276855,131.4090576,97.61322021,134.8894043,131.4090576,128.638092
1/04/2010,76.2253418,48.82432175,27.30122375,61.17034531,39.58545685,43.62773132,61.17034531,66.70446014
1/05/2010,3.893829584,2.844487906,1.140451074,5.567989826,3.94128871,3.928553581,5.567989826,7.867687225
1/06/2010,4.197447777,3.072556496,1.813547134,6.794942379,4.548857689,1.745473504,6.794942379,8.028407097
1/07/2010,0.728329539,0.198520079,0.035595272,0.894860208,0.185387641,0.151750401,0.894860208,1.98323667
1/08/2010,1.961357951,0.935977757,0.280195117,0.261245191,0.106226288,0.274830997,0.261245191,0.737005711
1/09/2010,34.14640045,20.66571808,10.06201172,17.58467674,28.54191208,17.01948738,17.58467674,22.84550285
1/10/2010,61.94657898,38.78544617,14.6418972,46.14481735,32.06238174,22.1512146,46.14481735,78.36386108
1/11/2010,85.01618958,55.96058273,29.1146431,51.47504807,63.9276123,46.80996323,51.47504807,61.33385849
1/12/2010,190.4118958,135.2234344,101.942627,129.2517548,138.0592804,133.7573853,129.2517548,135.7223358
1/01/2011,189.4837646,172.7262268,116.5064621,147.4866486,142.0181427,167.862854,147.4866486,123.9574661
1/02/2011,140.3927917,140.4078979,97.43873596,141.9847412,139.7852325,143.4510193,141.9847412,159.6694489
1/03/2011,166.2109833,149.784317,105.9284668,148.7032928,127.0460968,146.1016846,148.7032928,147.3020477
1/04/2011,95.46372986,80.88312531,63.19085312,101.4470215,62.63780594,73.84877777,101.4470215,95.68527985
1/05/2011,13.29425716,7.395718098,2.471387625,12.99918175,7.763662338,5.622986317,12.99918175,17.15936852
1/06/2011,0.194545746,0.359877676,0.268454671,1.043370843,0.696732283,0.156043425,1.043370843,1.158618569
1/07/2011,6.691178799,2.00449872,0.481846929,4.688495636,0.897847474,0.428105235,4.688495636,8.061118126
1/08/2011,15.27019691,7.824709892,2.631534815,11.47995567,3.795566797,1.657959104,11.47995567,10.04594326
1/09/2011,35.98524857,20.85835838,8.384246826,30.39077568,22.50127029,14.28196526,30.39077568,37.14977264
1/10/2011,32.71659851,24.00803947,7.36675787,39.6211319,30.21626854,18.92250443,39.6211319,56.69374847
1/11/2011,107.0224838,86.26512146,47.23392105,87.69499207,91.5224762,67.5681839,87.69499207,98.7419281
1/12/2011,190.4406128,141.0449677,105.1612854,179.6936646,160.4423828,149.0817413,179.6936646,177.3072357
1/01/2012,176.5926056,115.5404434,52.79472733,119.2641296,76.06254578,78.26557159,119.2641296,95.47732544
1/02/2012,214.2082825,205.3209991,131.7826385,223.2774353,184.8972931,175.475647,223.2774353,220.6292419
1/03/2012,180.6842499,147.0286255,107.1799393,129.679657,94.10581207,120.056778,129.679657,121.1168365
1/04/2012,120.399086,122.6614151,95.49332428,104.7468491,87.11433411,78.75501251,104.7468491,96.95349884
1/05/2012,26.8025856,10.36127472,2.264460325,7.289880276,3.301831961,2.719438791,7.289880276,12.73224449
1/06/2012,2.637092829,1.89340353,0.757737398,5.735247612,1.858906865,0.45495531,5.735247612,8.636311531
1/07/2012,0.085487232,0,0,0.703520954,0.969693542,1.698628068,0.703520954,1.882786393
1/08/2012,3.648727417,1.859556198,0.531378925,4.350286484,0.671842039,0.375947833,4.350286484,2.949294806
1/09/2012,70.07050323,44.88647079,15.28043461,65.02779388,33.91439056,19.1423645,65.02779388,73.66857147
1/10/2012,60.73833084,62.58249664,37.38066101,62.66395187,64.52986145,57.80323792,62.66395187,76.45701599
1/11/2012,99.9088974,79.91400909,41.3650856,85.54210663,81.50479889,54.10873795,85.54210663,84.91999054
1/12/2012,165.3791962,116.582489,78.23693085,140.1654358,115.6351852,93.68334961,140.1654358,153.8662872
1/01/2013,129.7393036,98.76254272,53.24735641,120.629364,81.43996429,79.92527008,120.629364,124.4383392
1/02/2013,206.6366425,207.2153168,130.9105835,265.2550659,180.480835,178.1304474,265.2550659,222.2097931
1/03/2013,152.3401947,145.9405518,112.4774246,175.1947174,127.6805496,156.6287384,175.1947174,148.508255
1/04/2013,39.33504486,27.76714134,20.76687622,34.93218613,22.97737312,21.66048813,34.93218613,36.12519073
1/05/2013,49.43718719,30.62487602,13.00428391,40.84540939,22.8093338,16.72576141,40.84540939,42.96950912
1/06/2013,7.219235897,4.077769279,1.197929263,16.15047264,3.614873171,1.082929254,16.15047264,14.93482876
1/07/2013,7.569638729,4.043702602,1.203511596,12.68958759,2.672712326,1.215702653,12.68958759,14.32518864
1/08/2013,22.35854149,11.18000412,4.101946354,16.19154739,8.819556236,6.285504341,16.19154739,23.20868683
1/09/2013,8.337656975,4.129989147,1.871112347,5.598430634,4.697887897,3.403615475,5.598430634,9.140379906
1/10/2013,72.95256042,57.07134247,22.24471283,73.77258301,48.2097702,35.26581955,73.77258301,107.6907578
1/11/2013,75.20072174,62.43592453,33.31204224,64.77545929,61.73806381,38.93486404,64.77545929,65.72517395
1/12/2013,158.0847321,109.4990692,73.81469727,136.1536713,96.3031311,71.73430634,136.1536713,135.3897095
1/01/2014,184.5811157,152.9584961,88.41899872,147.2801819,110.3496704,123.030014,147.2801819,115.3178253
1/02/2014,147.9445343,125.7084274,70.27160645,113.6417618,104.9049225,101.5288467,113.6417618,134.9579773
1/03/2014,205.8445435,163.1048737,112.0860138,181.1027222,128.1891479,167.4753876,181.1027222,182.2221222
1/04/2014,52.87975693,37.9345932,24.8688736,49.62813568,30.18296432,33.57608795,49.62813568,67.26660156
1/05/2014,19.4935627,10.01392174,2.394077063,18.14605522,4.68031311,4.457941055,18.14605522,33.37557602
1/06/2014,1.376245856,0.635708153,0.245868191,0.846998155,0.545273006,0.200803906,0.846998155,3.343646765
1/07/2014,17.11292458,6.628901482,1.682088494,15.15271473,4.874392509,2.552667141,15.15271473,20.64196587
1/08/2014,15.12661743,16.81596756,10.97994232,43.06011581,28.28304291,17.01268005,43.06011581,17.63981628
1/09/2014,64.32508087,34.56785202,11.66211605,45.85268021,26.00182533,12.08448029,45.85268021,61.54924774
1/10/2014,84.71580505,66.45082855,25.7113781,85.86050415,51.68323517,31.44739342,85.86050415,88.24111938
1/11/2014,73.84771729,58.5414505,31.98496437,56.72467041,56.68270493,40.08028793,56.72467041,55.6574707
1/12/2014,172.9189453,121.1974335,92.57956696,122.9815216,115.2591553,113.5065536,122.9815216,135.6578217
1/01/2015,180.0878296,159.3103027,93.04666138,155.2618256,113.3544998,124.8317184,155.2618256,139.743103
1/02/2015,124.989357,112.9154587,65.72402954,112.9481506,94.67275238,96.94721222,112.9481506,137.4060059
1/03/2015,115.1739044,113.5504761,103.8679886,130.1439819,101.3037491,143.4076996,130.1439819,132.7641907
1/04/2015,77.84210205,50.38579178,29.91568375,65.73508453,33.60264969,37.20867157,65.73508453,86.87024689
1/05/2015,23.52732658,17.26979065,5.097455978,39.31809235,13.24015427,5.6190238,39.31809235,38.79741287
1/06/2015,6.875439644,4.182238579,2.378459454,7.323474407,4.290602684,2.273000002,7.323474407,9.796387672
1/07/2015,4.079339981,1.84956491,0.323018312,5.897078037,0.74478662,0.165059984,5.897078037,6.44553709
1/08/2015,33.87774658,18.77973366,8.703820229,24.27260971,13.55021095,10.73764896,24.27260971,21.2785244
1/09/2015,43.9407959,27.18192291,10.23516083,33.36122131,20.34239578,9.144330025,33.36122131,35.99060059
1/10/2015,71.38729095,46.52368546,14.28972149,55.04280472,33.7383461,20.43797493,55.04280472,69.8321228
1/11/2015,89.97723389,70.61863708,37.97252274,69.43783569,63.310215,32.82773209,69.43783569,92.00226593
1/12/2015,131.938324,88.90707397,54.11175156,124.1466675,85.03830719,68.98227692,124.1466675,132.5849457
1/01/2016,64.77915955,52.09807968,25.09613419,66.04486084,35.88971329,33.17991257,66.04486084,55.39608002
1/02/2016,212.9026794,189.7235565,110.2788162,174.1431122,151.3550873,154.5258026,174.1431122,205.0113831
1/03/2016,129.9829102,106.4698944,75.68804932,98.27298737,83.64176178,108.9389038,98.27298737,102.4069214
1/04/2016,73.29142761,52.27803421,30.49380875,74.42584229,34.5598526,32.02730179,74.42584229,79.19120789
1/05/2016,10.2251358,5.778373718,1.642285585,10.66379166,3.373804092,2.089264631,10.66379166,12.80208683
1/06/2016,5.955208302,2.966439247,1.025187135,9.469574928,3.511975527,1.74455142,9.469574928,9.316140175
1/07/2016,1.957723022,0.503107429,0.114397198,0.988298237,0.290096432,0.166114047,0.988298237,4.004033089
1/08/2016,0.237282202,0.04665982,0.009414734,0.183922663,0.164907485,0.464912951,0.183922663,1.001063228
1/09/2016,56.33189392,36.49300766,16.01659584,56.25085831,36.9465332,13.67050838,56.25085831,58.93169403
1/10/2016,41.07643127,24.06688309,5.406620979,39.33487701,15.88271713,7.852608204,39.33487701,61.84677505
1/11/2016,1.5067662,0.8793962,0.274129331,1.700311422,2.230141878,2.023940086,1.700311422,6.203001022
1/12/2016,111.2850494,81.06923676,60.94172668,89.38506317,95.32889557,84.85135651,89.38506317,107.5323792
